{
  "Z": 0.0,
  "Y": -6.5690807861138794,
  "X": -5.5654388777169856
}