{
  "Z": 0.0,
  "Y": -0.090454412341491874,
  "X": -12.516548712939908
}