{
  "Z": 0.0,
  "Y": -3.3411905822903449,
  "X": 0.091535712273383751
}