{
  "Z": 0.0,
  "Y": -3.1940576504231295,
  "X": 0.091535712273383751
}