{
    "Z": 0.0,
    "Y": -1.6384045133273801,
    "X": -3.5402698408872695
}