{
    "Z": 0.0,
    "Y": -1.6384045133273801,
    "X": -4.188653299994769
}